cell_type,MMD
CD8 T,0.2142857
Macrophages,0.014503121
NK,0.056290694
Neutrophil,0.021359306
Secretory,0.08619431
mDC,0.109387755
