cell_type,Spearman_corr
CD8 T,0.5218734802893038
Macrophages,0.6317034084360378
NK,0.6891919117265568
Neutrophil,0.5702962946705066
Secretory,0.8048528697297952
mDC,0.5607759332222367
