cell_type,MMD
B,0.018181818
CD14+Mono,0.024096385
CD4T,0.00082068116
CD8T,0.03773585
Dendritic,0.036363635
FCGR3A+Mono,0.015151516
NK,0.037037037
