cell_type,Spearman_corr
PW029,0.9634496434496435
PW030,0.9657862237333991
PW032,0.916846599848759
PW034,0.9786896346896348
PW036,0.9763582123582124
PW052,0.9362979135959763
