cell_type,MMD
PW029,0.008547009
PW030,0.0034602077
PW032,0.005063291
PW034,0.00087336247
PW036,0.0021505377
PW052,0.01
