cell_type,Spearman_corr
Lin-Kit+Sca1+,0.8052150086211549
Lin-Kit+Sca1-,0.89848524448295
