cell_type,R2_all_genes,R2_top100_DEGs
Lin-Kit+Sca1+,0.9222734180022927,0.9622976730534181
Lin-Kit+Sca1-,0.9745560020572079,0.9961217709455954
